{
  "cam0": {
    "extrinsic": [
      [  0.99677090,  -0.04369456,  -0.06736883,   0.52157959],
      [  0.00837434,  -0.77784269,   0.62840324,  -0.61566698],
      [ -0.07986016,  -0.62693823,  -0.77496504,   0.60502813],
      [  0.00000000,   0.00000000,   0.00000000,   1.00000000]
    ],
    "intrinsic": [[604.32141113, 0.0, 637.40759277], 
                  [0.0, 604.109375, 363.02313232], 
                  [0.0, 0.0, 1.0]],

    "distortion": [-0.151632443, -1.65168953, 0.00068966893, 9.00939267e-06, 0.975660205, -0.26764226, -1.46977592, 0.901616156]
  },
  "cam1": {
    "extrinsic": [
      [  0.03777011,   0.77585638,  -0.62977797,   0.90361032],
      [  0.99903069,  -0.01505955,   0.04136291,  -0.13823468],
      [  0.02260750,  -0.63072980,  -0.77567314,   0.62485432],
      [  0.00000000,   0.00000000,   0.00000000,   1.00000000]
    ],
    "intrinsic": [[609.09680176, 0.0, 639.61486816], 
                  [0.0, 608.88891602, 365.63900757], 
                  [0.0, 0.0, 1.0]],
    "distortion": [0.635826647, -2.91944551, 0.000952081464, -0.000327307062, 1.68455172, 0.512719929, -2.73880315, 1.60850489]
  }
}
